ID;gebied;knp 1;knp 2;meerv verb;bob 1;bob2;lengte;type;materiaal;sdr-waarde;breedte;hoogte;vorm
*LEI;;200733;200732;;-2.83;-2.83;7.74;ge;0;;0.500;;0
*LEI;;200733;201509;;-2.98;-2.98;18.23;ge;;;0.400;;0
*LEI;;200109;200108;;-3.05;-3.05;13.73;ge;0;;0.400;;0
*LEI;;201532;201533;;-2.55;-2.50;24.67;ge;0;;0.400;;0
*LEI;;200264;200265;;-3.24;-3.20;32.32;ge;0;;0.400;;0
*LEI;;200229;200228;;-4.45;-4.45;26.35;ge;;;0.500;;0
*LEI;;200104;200105;;-3.25;-3.23;6.62;ge;;;0.315;;0
*LEI;;4547202;200028;;-3.26;-2.80;28.72;ge;0;;0.400;;0
*LEI;;200126;200125;;-3.09;-3.13;15.79;ge;0;;0.400;;0
*LEI;;200169;200170;;-3.29;-3.29;3.03;ge;0;;0.400;;0
*LEI;;200106;200107;;-3.43;-3.25;60.68;ge;;;0.315;;0
*LEI;;201889;200772;;-2.87;-2.84;23.80;ge;0;;0.500;;0
*LEI;;200811;200812;;-3.26;-3.26;2.89;ge;0;;0.400;;0
*LEI;;201548;201547;;1.65;1.59;25.53;ge;;;0.300;;0
*LEI;;200783;200784;;-6.00;-6.00;10.39;ge;;;0.500;;0
*LEI;;200117;200118;;-3.44;-3.40;27.78;ge;0;;0.400;;0
*LEI;;200180;200179;;-2.95;-3.24;36.32;ge;0;;0.500;;0
*LEI;;200180;200181;;-2.95;-2.92;32.90;ge;0;;0.400;;0
*LEI;;200654;200653;;-3.10;-3.14;40.75;ge;;;0.315;;0
*LEI;;200012;210293;;-3.10;-3.19;54.22;ge;0;;0.500;;0
*LEI;;200012;200187;;-2.92;-2.95;32.86;ge;0;;0.400;;0
*LEI;;200012;4547202;;-3.26;;3.59;ge;0;;0.400;;0
*LEI;;201543;201542;;1.38;1.34;19.66;ge;;;0.300;;0
*LEI;;201208;201206;;0.15;0.15;14.31;ge;0;;0.400;;0
*LEI;;200191;200193;;-2.95;-2.90;12.20;ge;0;;0.400;;0
*LEI;;200191;200192;;-2.95;-2.80;7.35;ge;0;;0.400;;0
*LEI;;200739;201828;;-3.80;-3.80;6.57;ge;0;;0.600;;0
*LEI;;200739;200738;;-2.98;-2.98;21.34;ge;0;;0.500;;0
*LEI;;201506;201507;;-3.38;-3.62;7.35;ge;;;0.800;;0
*LEI;;201506;200767;;-3.65;-3.65;6.54;ge;0;;0.700;1.05;1
*LEI;;200238;200239;;-2.94;-3.04;5.20;ge;;;0.700;;0
*LEI;;200253;200255;;-3.07;-3.10;20.50;ge;0;;0.400;;0
*LEI;;200125;200122;;-3.13;-3.22;34.32;ge;0;;0.400;;0
*LEI;;200768;201896;;-4.27;-4.27;17.69;ge;;;0.400;;0
*LEI;;201538;201537;;-0.04;-0.74;35.13;ge;;;0.300;;0
*LEI;;200232;200233;;-3.21;-3.20;4.66;ge;;;0.315;;0
*LEI;;200232;200231;;-3.21;-3.25;48.19;ge;0;;0.700;;0
*LEI;;200234;200235;;-3.16;-3.15;4.57;ge;;;0.315;;0
*LEI;;200234;200232;;-3.06;-3.21;48.59;ge;0;;0.700;;0
*LEI;;200237;200234;;-3.15;-3.16;2.59;ge;0;;0.400;;0
*LEI;;200263;200264;;-3.28;-3.24;34.28;ge;0;;0.400;;0
*LEI;;206107;206108;;-3.25;-3.24;6.02;ge;;;0.400;;0
*LEI;;201464;201465;;-2.34;-2.25;38.21;ge;;;0.200;;0
*LEI;;205977;203416;;2.45;2.40;43.04;ge;0;;0.400;0.6;1
*LEI;;201892;200770;;-3.09;-3.14;49.58;ge;0;;0.500;;0
*LEI;;201798;201797;;-5.00;-5.00;10.03;ge;;;0.600;;0
*LEI;;201829;200759;;-4.00;-4.00;14.07;ge;;;0.800;;0
*LEI;;206130;200802;;-3.19;-3.22;35.24;ge;0;;0.400;;0
*LEI;;206129;200800;;-3.18;-3.18;133.44;ge;0;;0.400;;0
*LEI;;206129;206130;;-3.18;-3.19;5.48;ge;0;;0.400;;0
*LEI;;200266;201989;;-3.24;-3.28;32.15;ge;0;;0.400;;0
*LEI;;200265;200266;;-3.20;-3.24;36.02;ge;0;;0.400;;0
*LEI;;201987;201988;;-3.20;-3.23;32.23;ge;0;;0.400;;0
*LEI;;201986;201987;;-3.17;-3.20;30.50;ge;0;;0.400;;0
*LEI;;200255;200256;;-3.10;-3.09;4.53;ge;;;0.315;;0
*LEI;;200249;200250;;-3.12;-3.11;4.67;ge;;;0.315;;0
*LEI;;206102;206103;;-3.46;-3.33;39.41;ge;0;;0.400;;0
*LEI;;206103;206104;;-3.33;-3.30;38.57;ge;0;;0.400;;0
*LEI;;206104;206105;;-3.30;-3.30;4.98;ge;;;0.400;;0
*LEI;;206105;206106;;-3.30;-3.30;3.59;ge;;;0.400;;0
*LEI;;206109;206108;;-3.24;-3.24;4.76;ge;;;0.400;;0
*LEI;;200231;200245;;-3.25;-3.22;25.73;ge;0;;0.400;;0
*LEI;;200231;200259;;-3.25;-3.20;48.14;ge;0;;0.400;;0
*LEI;;200231;200230;;-3.25;-3.28;33.80;ge;0;;0.600;;0
*LEI;;200247;200248;;-3.17;-3.16;4.46;ge;;;0.315;;0
*LEI;;200247;200249;;-3.17;-3.12;47.89;ge;0;;0.400;;0
*LEI;;200225;200224;;-3.40;-3.41;12.40;ge;0;;0.500;;0
*LEI;;200226;200225;;-4.45;-4.45;19.39;ge;;;0.500;;0
*LEI;;200227;200226;;-3.31;-3.40;25.10;ge;0;;0.500;;0
*LEI;;200230;200229;;-3.28;-3.30;30.38;ge;0;;0.600;;0
*LEI;;200243;200245;;-3.15;-3.22;48.05;ge;0;;0.400;;0
*LEI;;200243;200244;;-3.15;-3.14;4.57;ge;;;0.315;;0
*LEI;;200241;200243;;-3.09;-3.15;48.13;ge;0;;0.400;;0
*LEI;;200241;200242;;-3.09;-3.08;4.54;ge;;;0.315;;0
*LEI;;206122;206121;;-3.24;-3.18;32.36;ge;0;;0.400;;0
*LEI;;206121;206120;;-3.18;-3.15;14.07;ge;0;;0.400;;0
*LEI;;206119;206118;;-3.09;-3.07;12.75;ge;0;;0.400;;0
*LEI;;206120;206119;;-3.15;-3.09;24.54;ge;0;;0.400;;0
*LEI;;206138;206137;;-3.85;-3.85;6.77;ge;;;0.400;;0
*LEI;;206137;206136;;-3.83;-3.76;34.02;ge;0;;0.400;;0
*LEI;;4547163;4547174;;-3.59;-3.50;66.49;ge;0;;0.600;;0
*LEI;;4547184;4547177;;-3.38;-3.31;79.37;ge;0;;0.600;;0
*LEI;;4547185;4547184;;-4.20;-4.20;7.78;ge;0;;0.400;;0
*LEI;;4547191;4547184;;-3.40;-3.38;16.56;ge;0;;0.600;;0
*LEI;;4547192;4547191;;-3.38;-3.40;8.89;ge;0;;0.400;;0
*LEI;;4547192;4547196;;-3.38;-3.25;65.47;ge;;;0.315;;0
*LEI;;4547172;4547191;;-3.46;-3.40;57.92;ge;0;;0.600;;0
*LEI;;4547172;4547170;;-4.20;-3.05;58.20;ge;0;;0.600;;0
*LEI;;4547174;4547172;;-3.50;-3.46;48.43;ge;0;;0.600;;0
*LEI;;4547177;200013;;-3.31;-3.30;8.28;ge;0;;0.600;;0
*LEI;;200885;206124;;-3.38;-3.38;41.40;ge;0;;0.400;;0
*LEI;;200885;200884;;-3.30;-3.30;4.06;ge;0;;0.400;;0
*LEI;;200884;200883;;-4.10;-4.10;7.93;ge;0;;0.400;;0
*LEI;;201893;201894;;-2.73;-2.79;17.89;ge;0;;0.500;;0
*LEI;;201516;201517;;-2.83;-2.83;32.15;ge;0;;0.500;;0
*LEI;;201515;201514;;-2.98;-2.98;18.38;ge;;;0.400;;0
*LEI;;201515;201516;;-2.98;-2.98;5.65;ge;0;;0.500;;0
*LEI;;200722;200723;;-2.79;-2.85;27.77;ge;0;;0.400;;0
*LEI;;200724;200722;;-2.60;-2.79;35.90;ge;0;;0.400;;0
*LEI;;200726;200725;;-2.50;-2.54;42.45;ge;0;;0.300;;0
*LEI;;200727;200894;;-2.65;-2.65;12.60;ge;0;;0.500;;0
*LEI;;200729;200727;;-2.65;-2.65;16.69;ge;;;0.400;;0
*LEI;;200730;200734;;-2.73;-2.78;39.90;ge;0;;0.500;;0
*LEI;;200730;200731;;-2.73;-2.71;12.09;ge;0;;0.500;;0
*LEI;;200731;200729;;-2.69;-2.69;9.31;ge;0;;0.500;;0
*LEI;;200731;201893;;-2.87;-2.87;5.56;ge;0;;0.500;;0
*LEI;;200800;201561;;-3.00;-2.87;156.38;ge;0;;0.400;;0
*LEI;;200894;200893;;-2.65;-2.69;38.93;ge;0;;0.500;;0
*LEI;;200815;200818;;-3.20;-3.12;68.33;ge;0;;0.400;;0
*LEI;;200891;200725;;-2.78;-2.77;10.17;ge;0;;0.500;;0
*LEI;;200183;200184;;-3.04;-3.00;29.67;ge;0;;0.400;;0
*LEI;;200818;200817;;-3.12;-3.07;32.77;ge;0;;0.400;;0
*LEI;;200817;200010;;-3.12;-3.08;15.70;ge;0;;0.400;;0
*LEI;;200817;200816;;-3.07;-3.07;4.18;ge;0;;0.400;;0
*LEI;;200814;200815;;-3.25;-3.20;66.54;ge;0;;0.400;;0
*LEI;;200803;200782;;-4.00;-4.00;14.43;ge;;;0.500;;0
*LEI;;200872;200824;;-3.02;-3.05;22.77;ge;0;;0.400;;0
*LEI;;201795;200097;;-4.00;-3.75;4.70;ge;0;;0.500;;0
*LEI;;201796;201795;;-4.00;-4.00;76.94;ge;;;0.600;;0
*LEI;;201796;206138;;-4.00;-3.85;4.38;ge;;;0.400;;0
*LEI;;201799;201798;;-4.00;-4.00;16.41;ge;;;0.600;;0
*LEI;;201800;201799;;-5.00;-5.00;20.45;ge;;;0.600;;0
*LEI;;201801;201800;;-5.50;-5.50;11.00;ge;;;0.500;;0
*LEI;;205976;205975;;2.45;2.45;1.98;ge;0;;0.400;0.6;1
*LEI;;201547;201546;;1.59;1.53;28.57;ge;;;0.300;;0
*LEI;;201509;201510;;-2.98;-2.98;5.74;ge;0;;0.500;;0
*LEI;;201509;200291;;-4.37;-4.20;4.61;ge;;;0.250;;0
*LEI;;201896;201895;;-3.33;-3.31;21.59;ge;0;;0.500;;0
*LEI;;201536;201535;;-1.54;-2.34;37.30;ge;;;0.300;;0
*LEI;;201546;201545;;1.53;1.47;29.21;ge;;;0.300;;0
*LEI;;201545;201544;;1.47;1.44;14.17;ge;;;0.300;;0
*LEI;;201542;201541;;1.34;1.26;39.99;ge;;;0.300;;0
*LEI;;201540;201539;;0.86;0.56;30.15;ge;;;0.300;;0
*LEI;;201209;200954;;0.50;2.50;67.77;ge;0;;0.400;;0
*LEI;;201209;201208;;0.50;0.15;1.91;ge;0;;0.400;;0
*LEI;;205975;205977;;2.45;2.45;1.82;ge;0;;0.400;0.6;1
*LEI;;203416;203417;;2.40;2.08;7.44;ge;0;;0.400;;0
*LEI;;200098;200099;;-3.67;-3.68;34.84;ge;0;;0.500;;0
*LEI;;200099;200100;;-3.68;-3.60;43.45;ge;0;;0.500;;0
*LEI;;200100;200112;;-3.60;-3.57;22.10;ge;0;;0.400;;0
*LEI;;200100;200101;;-3.60;-3.45;52.75;ge;0;;0.400;;0
*LEI;;200102;200103;;-3.43;-3.60;31.90;ge;;;0.315;;0
*LEI;;200103;200104;;-3.60;-3.25;28.18;ge;0;;0.300;;0
*LEI;;200107;200105;;-3.25;-3.23;6.80;ge;;;0.315;;0
*LEI;;200108;200105;;-3.05;-3.23;43.96;ge;0;;0.400;;0
*LEI;;200110;200111;;-2.93;-2.80;40.31;ge;;;0.315;;0
*LEI;;200110;200109;;-2.93;-3.05;38.41;ge;;;0.315;;0
*LEI;;200113;200114;;-3.55;-3.54;12.72;ge;0;;0.400;;0
*LEI;;200115;200116;;-3.50;-3.45;30.90;ge;0;;0.400;;0
*LEI;;200119;200115;;-3.39;-3.50;52.41;ge;0;;0.400;;0
*LEI;;200120;200119;;-3.37;-3.39;6.74;ge;;;0.315;;0
*LEI;;200121;200120;;-3.24;-3.37;62.36;ge;;;0.315;;0
*LEI;;200122;200124;;-3.22;-3.24;6.67;ge;;;0.315;;0
*LEI;;200122;200121;;-3.22;-3.24;6.64;ge;;;0.315;;0
*LEI;;200123;200119;;-3.37;-3.39;6.62;ge;;;0.315;;0
*LEI;;200124;200123;;-3.22;-3.37;62.12;ge;;;0.315;;0
*LEI;;200127;200126;;-3.08;-3.09;6.61;ge;0;;0.400;;0
*LEI;;200129;200128;;-2.80;-2.96;55.80;ge;;;0.315;;0
*LEI;;201206;201207;;0.15;0.10;2.14;ge;0;;0.400;;0
*LEI;;200951;4541732;;-3.01;-2.40;74.05;ge;0;;0.400;;0
*LEI;;200951;200072;;1.40;1.40;11.39;ge;0;;0.400;;0
*LEI;;200141;200157;;-3.32;-3.35;33.92;ge;0;;0.500;;0
*LEI;;200157;200167;;-3.32;-3.28;34.76;ge;0;;0.500;;0
*LEI;;200168;200167;;-3.27;-3.28;10.67;ge;0;;0.500;;0
*LEI;;200168;200169;;-3.06;-2.95;10.50;ge;0;;0.400;;0
*LEI;;200171;200188;;-3.21;-3.08;30.89;ge;0;;0.500;;0
*LEI;;200171;200168;;-3.21;-3.27;56.24;ge;0;;0.500;;0
*LEI;;200174;200175;;-2.90;-2.90;3.41;ge;0;;0.400;;0
*LEI;;200181;200182;;-2.92;-2.89;23.98;ge;0;;0.400;;0
*LEI;;200194;200195;;-2.89;-3.09;41.79;ge;0;;0.400;;0
*LEI;;200194;200173;;-3.11;-3.15;47.86;ge;0;;0.500;;0
*LEI;;200197;200198;;-3.09;-2.80;14.17;ge;0;;0.400;;0
*LEI;;200197;200194;;-3.09;-3.11;16.58;ge;0;;0.500;;0
*LEI;;201459;201458;;-3.00;-3.05;28.75;ge;;;0.200;;0
*LEI;;201460;201459;;-2.95;-3.00;35.86;ge;;;0.200;;0
*LEI;;201463;201464;;-2.34;-2.34;15.91;ge;;;0.200;;0
*LEI;;201462;201461;;-4.15;-4.15;19.19;ge;;;0.200;;0
*LEI;;201462;201463;;-2.80;-2.78;13.31;ge;;;0.200;;0
*LEI;;201462;200284;;-2.80;-2.64;10.84;ge;;;0.250;;0
*LEI;;201458;200654;;-3.05;-3.06;30.40;ge;;;0.200;;0
*LEI;;200028;200029;;-2.83;-2.80;33.26;ge;0;;0.400;;0
*LEI;;200030;4534717;;-3.27;-3.15;9.33;ge;;;0.315;;0
*LEI;;200057;4534717;;-3.01;-3.15;7.27;ge;;;0.315;;0
*LEI;;200057;200058;;-2.77;-2.74;21.67;ge;0;;0.400;;0
*LEI;;200896;205976;;2.45;2.45;5.70;ge;0;;0.400;0.6;1
*LEI;;200773;200774;;-2.60;-3.02;56.42;ge;0;;0.400;0.6;1
*LEI;;200773;201889;;-2.87;-2.87;6.24;ge;0;;0.500;;0
*LEI;;200771;201890;;-2.95;-2.99;38.51;ge;0;;0.500;;0
*LEI;;200723;200889;;-3.10;-3.10;5.63;ge;0;;0.500;;0
*LEI;;200723;200773;;-2.87;-2.60;84.85;ge;0;;0.400;0.6;1
*LEI;;201820;200803;;-3.40;-3.55;8.60;ge;;;0.500;;0
*LEI;;201821;200803;;-4.00;-4.00;11.81;ge;;;0.800;;0
*LEI;;201822;201823;;-4.00;-4.00;91.06;ge;;;0.800;;0
*LEI;;201822;201821;;-4.00;-4.00;90.96;ge;;;0.800;;0
*LEI;;201823;201824;;-4.00;-4.00;91.11;ge;;;0.800;;0
*LEI;;200778;200777;;-3.50;-3.48;18.85;ge;0;;0.600;0.9;1
*LEI;;200794;200793;;-3.18;-3.22;40.63;ge;;;0.300;;0
*LEI;;200793;200792;;-3.22;-3.26;42.32;ge;;;0.300;;0
*LEI;;200792;200791;;-3.26;-3.30;41.46;ge;;;0.300;;0
*LEI;;200791;200790;;-3.30;-3.33;22.64;ge;;;0.300;;0
*LEI;;200789;200790;;-4.10;-4.10;5.87;ge;;;0.300;;0
*LEI;;200788;200787;;-3.42;-3.43;4.65;ge;0;;0.400;;0
*LEI;;200786;200785;;-3.50;-4.00;14.07;ge;;;0.500;;0
*LEI;;200782;200783;;-4.00;-4.00;11.66;ge;;;0.500;;0
*LEI;;200781;201820;;-3.38;-3.40;6.38;ge;;;0.500;;0
*LEI;;200777;200776;;-3.50;-3.50;4.83;ge;0;;0.600;0.9;1
*LEI;;200826;200827;;-3.08;-3.10;24.50;ge;0;;0.400;;0
*LEI;;200824;200819;;-4.50;-4.50;11.53;ge;0;;0.400;;0
*LEI;;200759;201826;;-4.70;-4.70;4.46;ge;;;0.800;;0
*LEI;;200743;200740;;-4.80;-4.80;3.67;ge;0;;0.500;;0
*LEI;;200738;200737;;-3.95;-3.95;8.25;ge;0;;0.500;;0
*LEI;;200767;200768;;-3.36;-3.35;6.34;ge;0;;0.500;;0
*LEI;;200740;200739;;-3.60;-3.60;1.61;ge;0;;0.600;;0
*LEI;;200742;200741;;-4.36;-4.36;6.03;ge;0;;0.500;;0
*LEI;;201826;201827;;-3.75;-3.85;4.34;ge;;;0.800;;0
*LEI;;201826;201825;;-4.00;-4.00;13.10;ge;;;0.800;;0
*LEI;;201825;201824;;-5.00;-5.00;15.44;ge;;;0.800;;0
*LEI;;200184;200185;;-3.00;-2.95;30.97;ge;0;;0.400;;0
*LEI;;200185;200187;;-3.74;-3.80;11.15;ge;;;0.315;;0
*LEI;;200659;200658;;-2.80;-2.89;45.43;ge;0;;0.400;;0
*LEI;;200658;200657;;-2.89;-2.99;40.49;ge;0;;0.400;;0
*LEI;;200657;200656;;-2.99;-2.99;2.02;ge;0;;0.400;;0
*LEI;;200656;200655;;-2.83;-2.80;15.42;ge;0;;0.400;;0
*LEI;;200656;200654;;-2.99;-3.06;35.92;ge;;;0.300;;0
*LEI;;200653;200794;;-3.14;-3.18;41.97;ge;;;0.300;;0
*LEI;;200010;200183;;-3.08;-3.04;30.03;ge;0;;0.400;;0
*LEI;;200013;210292;;-4.00;-4.00;12.12;ge;0;;0.500;;0
*LEI;;201890;201891;;-2.99;-3.04;48.53;ge;0;;0.500;;0
*LEI;;200736;200737;;-2.93;-2.98;52.52;ge;0;;0.500;;0
*LEI;;200735;200736;;-2.88;-2.93;49.55;ge;0;;0.500;;0
*LEI;;201895;200770;;-3.19;-3.14;46.34;ge;0;;0.500;;0
*LEI;;201511;201512;;-2.83;-2.83;44.53;ge;0;;0.500;;0
*LEI;;201510;201511;;-2.83;-2.83;38.27;ge;0;;0.500;;0
*LEI;;200008;200076;;0.73;0.73;4.20;ge;;;0.400;;0
*LEI;;200076;201570;;0.73;1.16;25.95;ge;;;0.400;;0
*LEI;;200745;200742;;-5.15;-5.15;20.71;ge;0;;0.600;;0
*LEI;;200239;200240;;-3.24;-3.35;5.04;ge;;;0.700;;0
*LEI;;201989;201990;;-3.04;-3.02;4.19;ge;0;;0.400;;0
*LEI;;201989;209000;;-3.44;-3.42;31.63;ge;0;;0.500;;0
*LEI;;200258;200257;;-3.15;-3.14;4.59;ge;;;0.315;;0
*LEI;;200258;200255;;-3.15;-3.10;48.32;ge;0;;0.400;;0
*LEI;;201531;201532;;-2.60;-2.55;7.28;ge;0;;0.400;;0
*LEI;;201533;201534;;-2.50;-2.42;39.24;ge;;;0.400;;0
*LEI;;201537;201536;;-0.74;-1.54;40.68;ge;;;0.300;;0
*LEI;;201828;200759;;-3.75;-3.85;4.17;ge;;;0.600;;0
*LEI;;200176;200177;;-3.60;-3.60;2.17;ge;0;;0.500;;0
*LEI;;200059;200060;;-2.73;-2.62;130.71;ge;0;;0.400;;0
*LEI;;200802;200885;;-3.20;-3.30;74.09;ge;0;;0.400;;0
*LEI;;200787;200786;;-3.43;-3.50;7.63;ge;0;;0.400;;0
*LEI;;200149;200141;;-4.29;-3.35;9.28;ge;0;;0.500;;0
*LEI;;201894;200770;;-2.84;-2.89;48.68;ge;0;;0.500;;0
*LEI;;200893;200892;;-2.69;-2.73;40.84;ge;0;;0.500;;0
*LEI;;200020;200021;;-2.78;-2.19;24.14;ge;0;;0.400;;0
*LEI;;200020;201531;;-2.78;-2.60;140.65;ge;0;;0.400;;0
*LEI;;201827;201506;;-3.65;-3.65;34.51;ge;0;;0.700;1.05;1
*LEI;;201539;201538;;0.56;-0.04;30.09;ge;;;0.300;;0
*LEI;;201544;201543;;1.44;1.38;29.43;ge;;;0.300;;0
*LEI;;200116;200117;;-3.45;-3.44;12.73;ge;0;;0.400;;0
*LEI;;200128;200127;;-2.96;-3.08;38.50;ge;;;0.315;;0
*LEI;;200173;200172;;-3.15;-3.20;57.19;ge;0;;0.500;;0
*LEI;;200173;200176;;-3.15;-3.06;13.63;ge;0;;0.500;;0
*LEI;;200188;200191;;-3.08;-2.95;31.76;ge;0;;0.500;;0
*LEI;;206101;206102;;-3.54;-3.46;39.46;ge;0;;0.400;;0
*LEI;;200101;200102;;-3.45;-3.43;6.71;ge;;;0.315;;0
*LEI;;200101;200106;;-3.45;-3.43;6.71;ge;;;0.315;;0
*LEI;;200118;200263;;-3.40;-3.33;32.30;ge;0;;0.400;;0
*LEI;;206136;206135;;-3.76;-3.68;32.66;ge;0;;0.400;;0
*LEI;;201207;4541733;;0.10;-3.70;73.50;ge;0;;0.400;;0
*LEI;;200072;200008;;2.50;2.40;46.84;ge;0;;0.400;;0
*LEI;;206135;206100;;-3.68;-3.62;23.87;ge;0;;0.400;;0
*LEI;;206135;206134;;-3.68;-3.20;23.96;ge;;;0.200;;0
*LEI;;206134;201792;;-3.18;-3.10;28.45;ge;;;0.200;;0
*LEI;;200734;200732;;-2.78;-2.83;53.75;ge;0;;0.500;;0
*LEI;;200889;200890;;-2.83;-2.81;25.76;ge;0;;0.500;;0
*LEI;;201507;201508;;-3.50;-3.40;11.08;ge;;;0.800;;0
*LEI;;206124;206123;;-3.37;-3.29;10.29;ge;0;;0.400;;0
*LEI;;206124;200888;;-3.38;-3.38;5.53;ge;0;;0.400;;0
*LEI;;200058;200059;;-2.74;-2.73;5.77;ge;0;;0.400;;0
*LEI;;200785;201801;;-4.00;-4.00;6.48;ge;0;;0.500;;0
*LEI;;200825;200826;;-4.50;-4.50;9.37;ge;0;;0.400;;0
*LEI;;200888;200788;;-3.38;-3.42;36.83;ge;0;;0.400;;0
*LEI;;200888;200789;;-3.35;-3.33;21.08;ge;;;0.300;;0
*LEI;;206117;206116;;-3.01;-2.95;28.27;ge;0;;0.400;;0
*LEI;;200029;200030;;-2.80;-2.77;44.41;ge;0;;0.400;;0
*LEI;;200827;200009;;-3.02;-2.90;94.68;ge;0;;0.400;;0
*LEI;;200827;200817;;-3.10;-3.10;20.56;ge;0;;0.300;;0
*LEI;;201535;201534;;-2.34;-2.42;40.93;ge;;;0.315;;0
*LEI;;200741;200743;;-3.50;-3.60;11.09;ge;0;;0.600;;0
*LEI;;201541;201540;;1.26;0.86;40.28;ge;;;0.300;;0
*LEI;;200114;200115;;-3.54;-3.50;32.44;ge;0;;0.400;;0
*LEI;;200784;200785;;-4.00;-4.00;4.73;ge;;;0.500;;0
*LEI;;201990;201988;;-3.26;-3.23;36.32;ge;0;;0.400;;0
*LEI;;200259;200258;;-3.20;-3.15;48.30;ge;0;;0.400;;0
*LEI;;200259;200260;;-3.20;-3.19;4.65;ge;;;0.315;;0
*LEI;;200236;200241;;-3.08;-3.09;2.75;ge;0;;0.400;;0
*LEI;;200236;200237;;-3.08;-3.15;25.65;ge;0;;0.700;;0
*LEI;;200236;200238;;-3.08;-2.94;31.52;ge;0;;0.700;;0
*LEI;;4500978;4500976;;-2.90;-2.97;64.24;ge;;;0.315;;0
*LEI;;4500976;4500981;;-2.65;-2.65;8.41;ge;0;;0.400;;0
*LEI;;4500976;200197;;-2.97;-3.09;43.45;ge;0;;0.500;;0
*LEI;;4500976;4547185;;-3.05;-3.36;58.55;ge;0;;0.600;;0
*LEI;;206100;206101;;-3.62;-3.54;44.23;ge;0;;0.400;;0
*LEI;;206110;206109;;-3.15;-3.24;6.49;ge;;;0.400;;0
*LEI;;206123;206122;;-3.29;-3.24;29.93;ge;0;;0.400;;0
*LEI;;206118;206117;;-3.07;-3.01;26.75;ge;0;;0.400;;0
*LEI;;200022;200021;;-2.18;-2.19;116.83;ge;0;;0.400;;0
*LEI;;206106;206107;;-3.30;-3.25;35.97;ge;;;0.400;;0
*LEI;;203410;200896;;2.46;2.45;9.05;ge;0;;0.400;0.6;1
*LEI;;203410;203409;;2.46;3.07;112.73;ge;0;;0.400;;0
*LEI;;200251;200249;;-3.07;-3.12;48.21;ge;0;;0.400;;0
*LEI;;200251;200252;;-3.07;-3.06;4.65;ge;;;0.315;;0
*LEI;;200245;200246;;-3.22;-3.21;4.52;ge;;;0.315;;0
*LEI;;200245;200247;;-3.22;-3.17;48.05;ge;0;;0.400;;0
*LEI;;200224;4544486;;-3.41;-3.42;5.20;ge;0;;0.500;;0
*LEI;;200228;200007;;-3.30;-3.00;5.18;ge;;;0.250;;0
*LEI;;200228;200227;;-3.30;-3.31;16.42;ge;0;;0.500;;0
*LEI;;200254;200251;;-3.04;-3.07;21.14;ge;0;;0.400;;0
*LEI;;200254;200253;;-3.04;-3.07;25.80;ge;0;;0.400;;0
*LEI;;203134;200721;;-2.30;-2.36;41.11;ge;0;;0.400;;0
*LEI;;200097;200098;;-3.71;-3.75;7.90;ge;0;;0.500;;0
*LEI;;200112;200113;;-3.57;-3.55;9.10;ge;0;;0.400;;0
*LEI;;200172;200174;;-3.20;-2.90;8.53;ge;0;;0.400;;0
*LEI;;200172;200171;;-3.20;-3.21;13.02;ge;0;;0.500;;0
*LEI;;200179;200167;;-3.24;-3.28;30.89;ge;0;;0.500;;0
*LEI;;200195;200196;;-3.09;-3.08;6.20;ge;0;;0.400;;0
*LEI;;201891;201892;;-3.04;-3.09;50.53;ge;0;;0.500;;0
*LEI;;200732;200735;;-2.83;-2.88;47.67;ge;0;;0.500;;0
*LEI;;201570;205975;;2.23;2.50;42.49;ge;;;0.400;;0
*LEI;;200776;200781;;-3.41;-3.38;24.82;ge;0;;0.500;;0
*LEI;;200776;200775;;-3.48;-3.47;13.38;ge;0;;0.600;0.9;1
*LEI;;200819;200825;;-3.05;-3.08;25.96;ge;0;;0.400;;0
*LEI;;200779;200767;;-3.50;-3.65;208.22;ge;0;;0.600;0.9;1
*LEI;;200779;200778;;-4.35;-4.35;2.93;ge;0;;0.700;;0
*LEI;;201797;201796;;-4.00;-4.00;32.07;ge;;;0.600;;0
*LEI;;201461;201460;;-2.90;-2.95;7.25;ge;;;0.200;;0
*LEI;;200812;4540994;;-3.69;-4.29;33.71;ge;0;;0.400;;0
*LEI;;200812;200814;;-3.27;-3.25;32.19;ge;0;;0.400;;0
*LEI;;201513;201514;;-2.98;-2.98;6.15;ge;0;;0.500;;0
*LEI;;200721;200724;;-2.55;-2.60;106.76;ge;0;;0.400;;0
*LEI;;200728;200730;;-2.70;-2.73;24.53;ge;0;;0.300;;0
*LEI;;200892;200725;;-2.73;-2.77;37.62;ge;0;;0.500;;0
*LEI;;200890;200891;;-2.81;-2.78;27.48;ge;0;;0.500;;0
*LEI;;200177;200178;;-3.04;-2.95;31.58;ge;0;;0.500;;0
*LEI;;200774;200775;;-3.02;-3.10;38.90;ge;0;;0.400;0.6;1
*LEI;;200772;200771;;-4.27;-4.27;18.31;ge;;;0.400;;0
*LEI;;200883;200882;;-3.10;-3.00;84.11;ge;0;;0.300;;0
*LEI;;201512;201513;;-2.83;-2.83;34.29;ge;0;;0.500;;0
*LEI;;210289;200020;;-3.02;-2.95;13.12;ge;0;;0.500;;0
*LEI;;210290;210289;;-3.07;-3.02;8.35;ge;0;;0.500;;0
*LEI;;210291;210290;;-3.70;-3.70;4.77;ge;0;;0.500;;0
*LEI;;210292;210291;;-3.16;-3.10;16.00;ge;0;;0.500;;0
*LEI;;210293;200013;;-3.70;-3.70;7.34;ge;0;;0.500;;0
*LEI;;4541732;4541733;;-2.30;-2.25;13.19;ge;;;0.500;;0
*LEI;;4541734;4541731;;-2.50;-2.43;55.14;ge;;;0.500;;0
*LEI;;4541738;4541734;;-3.19;-3.10;74.77;ge;;;0.500;;0
*LEI;;4541739;4541738;;-3.27;-3.19;74.25;ge;;;0.500;;0
*LEI;;4541743;4541739;;-3.45;-3.27;76.39;ge;;;0.500;;0
*LEI;;4541748;4541753;;-3.64;-3.66;10.12;ge;;;0.630;;0
*LEI;;4541750;201824;;-3.75;-4.03;5.46;ge;0;;0.800;;0
*LEI;;4541753;4541750;;-3.60;-3.75;16.62;ge;;;0.800;;0
*LEI;;4541754;4545016;;-3.65;;11.52;ge;;;0.110;;0
*LEI;;4541754;4541743;;-3.41;-3.45;29.59;ge;;;0.500;;0
*LEI;;4541755;4541756;;-3.64;-3.56;12.12;ge;0;;0.500;;0
*LEI;;4541756;4541748;;-3.56;-3.64;39.32;ge;0;;0.800;;0
*LEI;;4541756;4541743;;-3.56;-3.45;62.85;ge;0;;0.500;;0
*LEI;;4541760;4541761;;-3.41;-3.38;13.63;ge;0;;0.500;;0
*LEI;;4541761;4541755;;-3.38;-3.64;56.75;ge;0;;0.500;;0
*LEI;;4541761;200149;;-3.38;-3.35;17.11;ge;0;;0.500;;0
*LEI;;4541763;4541760;;-3.32;-3.49;66.03;ge;0;;0.500;;0
*LEI;;4541768;4541763;;-3.25;-3.32;60.98;ge;0;;0.500;;0
*LEI;;4541769;4541768;;-3.18;-3.25;64.12;ge;0;;0.500;;0
*LEI;;4541771;201821;;-5.37;-3.58;5.24;ge;;;0.400;;0
*LEI;;4541772;4541771;;-5.37;-5.37;20.28;ge;;;0.400;;0
*LEI;;4540992;4541772;;-4.35;-4.35;6.06;ge;;;0.400;;0
*LEI;;4540993;4540992;;-3.30;-4.35;21.88;ge;0;;0.400;;0
*LEI;;4540994;4540993;;-4.30;-4.30;15.32;ge;0;;0.400;;0
*LEI;;4541728;4541769;;-3.16;-3.18;13.07;ge;0;;0.500;;0
*LEI;;4541728;4547163;;-3.62;-3.59;41.13;ge;0;;0.600;;0
*LEI;;4541730;4541769;;-3.05;-3.18;26.01;ge;0;;0.500;;0
*LEI;;4541731;4541732;;-2.43;-2.30;4.22;ge;;;0.500;;0
*LEI;;4544479;200118;;-3.32;-3.40;57.65;ge;;;0.400;;0
*LEI;;4544486;4544487;;-3.10;-3.22;76.39;ge;;;0.400;;0
*LEI;;4544486;209000;;-3.41;-3.41;25.96;ge;0;;0.500;;0
*LEI;;4544487;4544479;;-3.22;-3.32;90.44;ge;;;0.400;;0
*LEI;;4544488;4544489;;-2.85;-2.98;48.60;ge;;;0.400;;0
*LEI;;4544489;4544490;;-2.98;-3.12;56.27;ge;;;0.400;;0
*LEI;;4544490;4544486;;-3.10;-3.10;3.16;ge;;;0.400;;0
*LEI;;4534717;4534718;;-3.15;-3.06;27.48;ge;;;0.315;;0
*LEI;;4534718;4534716;;-3.06;-2.80;76.54;ge;;;0.315;;0
